Gene	Sequence	Chromosome	Location	Orientation	Identical 3' targets	Of which near exons	Degree	Relatives	Of which near exons	Present in RefSeqs
COPA-1	ACATCCGATTCCACCGCACCAGG	chr1	160295414	+	28	6	4	47	5	NM_001098398,NM_004371
COPA-2	ACCTTTGACCCGCGCGCTCTTGG	chr1	160312936	+	12	4	4	17	1	NM_001098398,NM_004371
COPA-3	ATTCGAGACCAAGAGCGCGCGGG	chr1	160312932	-	4	4	3	1	0	NM_004371
COPA-4	ATTGTTGTAATGGCCCCGGCAGG	chr1	160283886	+	14	6	3	1	0	NM_004371
COPA-5	CATGGGAGGTTGATACCTGCCGG	chr1	160283889	-	26	4	4	110	11	NM_001098398,NM_004371
COPA-6	CGCGCTCTTGGTCTCGAATTTGG	chr1	160312948	+	10	4	4	13	2	NM_001098398,NM_004371
COPA-7	CGGGGCTCGGATTAAGACATCGG	chr1	160312983	-	54	4	4	23	1	NM_001098398,NM_004371
COPA-8	GGATCAACTCTTGGCGAGGGTGG	chr1	160283846	+	26	4	3	1	0	NM_001098398
COPA-9	GTCACGATCGTGGAGTAAACTGG	chr1	160293302	-	4	2	4	20	2	NM_001098398,NM_004371
COPA-10	TATCCCAAACGCGCACAGTCTGG	chr1	160302261	+	2	2	4	31	3	NM_001098398,NM_004371
COPA-11	TCGGATGGTCTGATCATCGGAGG	chr1	160303442	+	2	2	3	1	0	NM_001098398
COPA-12	TCGGATTAAGACATCGGAGTCGG	chr1	160312977	-	16	2	3	1	0	NM_001098398,NM_004371
